{
    "position": 
    {
        "x": 2.95,
        "y": -4.35,
        "z": 0.0
    },
    "orientation": 
    {
        "x": 0.0,
        "y": 0.0,
	"z": 0.8660254037844386,
	"w": 0.5000000000000001
    }
}
