{
    "position": 
    {
        "x": 1.03,
        "y": -3.45,
        "z": 0.0
    },
    "orientation": 
    {
        "x": 0.0,
        "y": 0.0,
	"z": 0.8660254037844386,
	"w": 0.5000000000000001
    }
}
