{
    "position": 
    {
        "x": 0.90,
        "y": -3.60,
        "z": 0.0
    },
    "orientation": 
    {
        "x": 0.0,
        "y": 0.0,
	"z": -0.7071067811865476,
	"w": 0.7071067811865476
    }
}
