{
    "position": 
    {
        "x": 5.22,
        "y": -3.99,
        "z": 0.0
    },
    "orientation": 
    {
        "x": 0.0,
        "y": 0.0,
	"z": 0.9063077870366499,
	"w": 0.42261826174069944
    }
}
