{
    "position": 
    {
        "x": 1.03,
        "y": -3.45,
        "z": 0.0
    },
    "orientation": 
    {
        "x": 0.0,
        "y": 0.0,
	"z": 0.25881904510252074,
	"w": 0.9659258262890683
    }
}
