{
    "position": 
    {
        "x": 2.95,
        "y": -4.35,
        "z": 0.0
    },
    "orientation": 
    {
        "x": 0.0,
        "y": 0.0,
	"z": -0.7071067811865476,
	"w": 0.7071067811865476
    }
}
